Sample_ID,Preprocessing_Time_ms,Inference_Time_ms,Postprocessing_Time_ms,Total_Time_ms
0,0.0010,177.1338,0.0000,177.1338
1,0.0010,5.2085,0.0000,5.2085
2,0.0010,4.0069,0.0000,4.0069
3,0.0010,5.0106,0.0000,5.0106
4,0.0010,5.0035,0.0000,5.0035
5,0.0010,4.9999,0.0000,4.9999
6,1.0009,4.5047,0.0000,5.5056
7,0.0010,4.5016,0.0000,4.5016
8,0.0010,5.0001,0.0000,5.0001
9,0.0010,5.5039,0.0000,5.5039
10,0.0010,5.0015,0.0000,5.0015
11,0.0010,4.5047,0.0000,4.5047
12,0.0010,4.9996,0.0000,4.9996
13,0.0010,4.5040,0.0000,4.5040
14,0.0010,9.5983,0.0000,9.5983
15,0.0010,5.0004,0.0000,5.0004
16,0.0010,5.8975,0.0000,5.8975
17,0.0010,8.5001,0.0000,8.5001
18,0.0010,5.0087,0.0000,5.0087
19,0.0010,9.5026,0.0000,9.5026
20,0.0010,9.1476,0.0000,9.1476
21,0.0010,4.9965,0.0000,4.9965
22,0.0010,4.5066,0.0000,4.5066
23,0.0010,4.9996,0.0000,4.9996
24,0.0010,5.0704,0.0000,5.0704
25,0.0010,5.0087,0.0000,5.0087
26,0.0010,5.0080,0.0000,5.0080
27,0.0010,4.4150,0.0000,4.4150
28,0.0010,8.5096,0.0000,8.5096
29,1.0014,4.9994,0.0000,6.0008
30,0.0010,4.5049,0.0000,4.5049
31,0.0010,5.0013,0.0000,5.0013
32,0.0010,5.5003,0.0000,5.5003
33,0.0010,5.5141,0.0000,5.5141
34,0.0010,7.5617,0.0000,7.5617
35,0.0010,5.0015,0.0000,5.0015
36,0.0010,4.5164,0.0000,4.5164
37,0.0010,4.9996,0.0000,4.9996
38,0.0010,4.5056,0.0000,4.5056
39,0.0010,5.0011,0.0000,5.0011
40,0.0010,4.0102,0.0000,4.0102
41,0.0010,4.0131,0.0000,4.0131
42,0.0010,6.0027,0.0000,6.0027
43,0.0010,4.5037,0.0000,4.5037
44,0.0010,5.0042,0.0000,5.0042
45,0.0010,5.0080,0.0000,5.0080
46,0.9999,4.5030,0.0000,5.5029
47,0.0010,8.0009,0.0000,8.0009
48,0.0010,5.5044,0.0000,5.5044
49,0.0010,3.5028,0.0000,4.5030
50,0.0010,9.0039,0.0000,9.0039
51,1.0002,4.0677,0.0000,5.0678
52,0.0010,11.5545,0.0000,11.5545
53,0.0010,5.1951,0.0000,5.1951
54,0.0010,3.9983,0.0000,3.9983
55,0.0010,4.0028,0.0000,4.0028
56,0.0010,5.0004,0.0000,5.0004
57,1.0009,8.5015,0.0000,9.5024
58,0.0010,4.9984,0.0000,4.9984
59,0.0010,5.2798,0.0000,5.2798
60,0.0010,5.1346,0.0000,5.1346
61,0.0010,9.0129,0.0000,9.0129
62,0.0010,4.5097,0.0000,4.5097
63,0.0010,4.7436,0.0000,4.7436
64,0.0010,5.0001,0.0000,5.0001
65,1.0002,4.2088,0.0000,5.2090
66,0.0010,4.9973,0.0000,4.9973
67,0.0010,6.0542,0.0000,6.0542
68,0.0010,4.5090,0.0000,4.5090
69,0.0010,4.0064,0.0000,4.0064
70,0.0010,4.5576,0.0000,4.5576
71,0.0010,4.9999,0.0000,4.9999
72,0.0010,4.1416,0.0000,4.1416
73,0.0010,6.1650,0.0000,6.1650
74,0.0010,5.0037,0.0000,5.0037
75,0.0010,5.0139,0.0000,5.0139
76,0.0010,4.9994,0.0000,4.9994
77,1.0014,4.5109,0.0000,5.5122
78,0.0010,8.5874,0.0000,8.5874
79,0.0010,4.5078,0.0000,4.5078
80,0.0010,5.0545,0.0000,5.0545
81,0.0010,5.0006,0.0000,5.0006
82,0.0010,5.3732,0.0000,5.3732
83,0.0010,5.5101,0.0000,5.5101
84,0.0010,5.5139,0.0000,5.5139
85,0.0010,4.9984,0.0000,4.9984
86,0.0010,4.1959,0.0000,4.1959
87,1.2207,5.5125,0.0000,6.7332
88,0.0010,5.0037,0.0000,5.0037
89,0.0010,4.0216,0.0000,4.0216
90,0.0010,4.9999,0.0000,4.9999
91,0.0010,4.0941,0.0000,4.0941
92,0.0010,5.0082,0.0000,5.0082
93,0.0010,5.1067,0.0000,5.1067
94,1.0006,3.9997,0.0000,5.0004
95,0.0010,4.4315,0.0000,4.4315
96,1.0006,9.5193,0.0000,10.5200
97,1.3857,9.0063,0.0000,10.3920
98,1.0014,4.5116,0.0000,5.5130
99,0.0010,4.5137,0.0000,4.5137
100,0.0010,4.0090,0.0000,4.0090
101,0.0010,5.5034,0.0000,5.5034
102,0.0010,5.0063,0.0000,5.0063
103,0.9999,4.5049,0.0000,5.5048
104,1.0002,5.0025,0.0000,6.0027
105,0.0010,5.0135,0.0000,5.0135
106,0.0010,4.9980,0.0000,4.9980
107,0.0010,9.5034,0.0000,9.5034
108,0.0010,5.0004,0.0000,5.0004
109,0.0010,4.0367,0.0000,4.0367
110,0.0010,4.0066,0.0000,4.0066
111,0.0010,6.6519,0.0000,6.6519
112,0.0010,5.0004,0.0000,5.0004
113,0.0010,4.0066,0.0000,4.0066
114,0.0010,5.0018,0.0000,5.0018
115,0.0010,4.9996,0.0000,4.9996
116,0.0010,10.0160,0.0000,10.0160
117,0.0010,4.5192,0.0000,4.5192
118,0.0010,5.0097,0.0000,5.0097
119,0.9978,4.0152,0.0000,5.0130
120,0.0010,4.9999,0.0000,4.9999
121,0.0010,5.2936,0.0000,5.2936
122,0.0010,4.0319,0.0000,4.0319
123,0.0010,4.0064,0.0000,4.0064
124,0.0010,7.3116,0.0000,7.3116
125,0.0010,4.5025,0.0000,4.5025
126,1.0002,7.6642,0.0000,8.6644
127,0.0010,5.0015,0.0000,5.0015
128,0.0010,6.6001,0.0000,6.6001
129,0.0010,4.0071,0.0000,4.0071
130,0.0010,5.1320,0.0000,5.1320
131,0.0010,5.5039,0.0000,5.5039
132,1.0016,4.5035,0.0000,5.5051
133,0.0010,4.0851,0.0000,4.0851
134,0.0010,7.0004,0.0000,7.0004
135,0.0010,4.3411,0.0000,4.3411
136,0.0010,8.5049,0.0000,8.5049
137,0.0010,5.0001,0.0000,5.0001
138,0.0010,4.9982,0.0000,4.9982
139,0.0010,4.1301,0.0000,4.1301
140,0.0010,4.0064,0.0000,4.0064
141,0.0010,4.5052,0.0000,4.5052
142,0.0010,9.0141,0.0000,9.0141
143,0.0010,5.0273,0.0000,5.0273
144,0.0010,5.4119,0.0000,5.4119
145,0.0010,5.5041,0.0000,5.5041
146,0.0010,4.0071,0.0000,4.0071
147,0.0010,4.0934,0.0000,4.0934
148,0.0010,10.2656,0.0000,10.2656
149,0.0010,5.0001,0.0000,5.0001
150,0.0010,5.3709,0.0000,5.3709
151,0.0010,4.1876,0.0000,4.1876
152,0.0010,5.0042,0.0000,5.0042
153,0.0010,5.0557,0.0000,5.0557
154,0.9983,4.9994,0.0000,5.9977
155,0.0010,5.0037,0.0000,5.0037
156,1.0006,4.5040,0.0000,5.5046
157,1.0011,4.0009,0.0000,5.0020
158,0.0010,4.6697,0.0000,4.6697
159,0.0010,4.0066,0.0000,4.0066
160,0.0010,5.0077,0.0000,5.0077
161,0.0010,3.9997,0.0000,3.9997
162,0.0010,4.0100,0.0000,4.0100
163,0.0010,5.5022,0.0000,5.5022
164,0.0010,5.0073,0.0000,5.0073
165,0.0010,4.8425,0.0000,4.8425
166,0.0010,4.0066,0.0000,4.0066
167,0.0010,4.0026,0.0000,4.0026
168,0.0010,4.9489,0.0000,4.9489
169,0.0010,5.0004,0.0000,5.0004
170,0.0010,4.5130,0.0000,4.5130
171,0.0010,4.9996,0.0000,4.9996
172,0.0010,9.5127,0.0000,9.5127
173,0.0010,5.5139,0.0000,5.5139
174,0.0010,5.0254,0.0000,5.0254
175,0.0010,5.0027,0.0000,5.0027
176,0.0010,5.0704,0.0000,5.0704
177,0.0010,4.9999,0.0000,4.9999
178,0.0010,4.5118,0.0000,4.5118
179,0.0010,3.9995,0.0000,3.9995
180,0.0010,4.0138,0.0000,4.0138
181,0.0010,4.0069,0.0000,4.0069
182,0.0010,8.5125,0.0000,8.5125
183,1.0035,4.9999,0.0000,6.0034
184,0.0010,4.0379,0.0000,4.0379
185,0.0010,5.2204,0.0000,5.2204
186,0.0010,4.5123,0.0000,4.5123
187,0.0010,4.9996,0.0000,4.9996
188,1.0006,4.1606,0.0000,5.1613
189,1.0028,3.9966,0.0000,4.9994
190,0.0010,6.0337,0.0000,6.0337
191,0.0010,5.6410,0.0000,5.6410
192,0.0010,6.0225,0.0000,6.0225
193,0.0010,5.9996,0.0000,5.9996
194,0.0010,7.0252,0.0000,7.0252
195,0.0010,4.0247,0.0000,4.0247
196,0.0010,4.9999,0.0000,4.9999
197,0.0010,5.2238,0.0000,5.2238
198,0.0010,4.0498,0.0000,4.0498
199,0.0010,8.5113,0.0000,8.5113
200,0.0010,4.5104,0.0000,4.5104
201,0.0010,4.0071,0.0000,4.0071
202,0.0010,5.0366,0.0000,5.0366
203,0.0010,5.5022,0.0000,5.5022
204,0.0010,4.0069,0.0000,4.0069
205,0.0010,5.0290,0.0000,5.0290
206,0.0010,4.9994,0.0000,4.9994
207,0.0010,5.0290,0.0000,5.0290
208,0.0010,4.0059,0.0000,4.0059
209,0.0010,4.0095,0.0000,4.0095
210,0.0010,4.0071,0.0000,4.0071
211,0.0010,4.0023,0.0000,4.0023
212,0.0010,5.0004,0.0000,5.0004
213,1.0619,5.0001,0.0000,6.0620
214,0.0010,5.0159,0.0000,5.0159
215,0.0010,10.0458,0.0000,10.0458
216,1.0004,3.9995,0.0000,4.9999
217,0.0010,5.0397,0.0000,5.0397
218,0.0010,4.0064,0.0000,4.0064
219,0.0010,4.0073,0.0000,4.0073
220,0.0010,4.5092,0.0000,4.5092
221,0.0010,4.9996,0.0000,4.9996
222,0.0010,5.0325,0.0000,5.0325
223,0.9990,5.1932,0.0000,6.1922
224,0.0010,5.5482,0.0000,5.5482
225,0.0010,4.0033,0.0000,4.0033
226,0.0010,5.0035,0.0000,5.0035
227,0.0010,4.5037,0.0000,4.5037
228,0.0010,3.9995,0.0000,3.9995
229,0.0010,4.0183,0.0000,4.0183
230,0.0010,4.9999,0.0000,4.9999
231,1.0016,9.5112,0.0000,10.5128
232,0.0010,5.5058,0.0000,5.5058
233,1.0006,4.5342,0.0000,5.5349
234,0.9999,3.9995,0.0000,4.9994
235,0.0010,5.0082,0.0000,5.0082
236,0.0010,4.9994,0.0000,4.9994
237,0.0010,5.0609,0.0000,5.0609
238,0.0010,6.0191,0.0000,6.0191
239,0.0010,4.9994,0.0000,4.9994
240,0.0010,8.0132,0.0000,8.0132
241,0.0010,5.0273,0.0000,5.0273
242,1.0009,3.9990,0.0000,4.9999
243,0.0010,8.4128,0.0000,8.4128
244,1.0009,4.5047,0.0000,5.5056
245,0.0010,5.9988,0.0000,5.9988
246,0.0010,5.0085,0.0000,5.0085
247,0.0010,8.5044,0.0000,8.5044
248,0.0010,5.0182,0.0000,5.0182
249,1.0002,3.9997,0.0000,4.9999
250,0.0010,5.1732,0.0000,5.1732
251,0.0010,4.0064,0.0000,4.0064
252,0.0010,7.7369,0.0000,7.7369
253,0.0010,5.0094,0.0000,5.0094
254,1.0004,3.9988,0.0000,4.9992
255,0.0010,4.5099,0.0000,4.5099
256,0.0010,4.0061,0.0000,4.0061
257,0.0010,5.0929,0.0000,5.0929
258,1.0006,3.9997,0.0000,5.0004
259,0.0010,3.9990,0.0000,3.9990
260,0.0010,5.0328,0.0000,5.0328
261,0.0010,4.0116,0.0000,4.0116
262,0.0010,4.5114,0.0000,4.5114
263,0.0010,5.0004,0.0000,5.0004
264,0.0010,5.1138,0.0000,5.1138
265,0.0010,6.3496,0.0000,6.3496
266,0.0010,3.9990,0.0000,3.9990
267,0.0010,5.0352,0.0000,5.0352
268,0.0010,4.0059,0.0000,4.0059
269,0.0010,5.0263,0.0000,5.0263
270,0.0010,4.0064,0.0000,4.0064
271,0.0010,5.1153,0.0000,5.1153
272,1.0033,3.9992,0.0000,5.0025
273,0.0010,4.0481,0.0000,4.0481
274,0.0010,5.0001,0.0000,5.0001
275,0.0010,10.0334,0.0000,10.0334
276,0.0010,6.0034,0.0000,6.0034
277,0.0010,4.5118,0.0000,4.5118
278,0.0010,4.0069,0.0000,4.0069
279,0.0010,4.5359,0.0000,4.5359
280,1.0011,3.9995,0.0000,5.0006
281,0.0010,4.0607,0.0000,4.0607
282,0.0010,10.5734,0.0000,10.5734
283,0.0010,4.5111,0.0000,4.5111
284,0.0010,4.9989,0.0000,4.9989
285,0.0010,5.0166,0.0000,5.0166
286,0.0010,5.0066,0.0000,5.0066
287,0.0010,5.0111,0.0000,5.0111
288,1.0004,3.9995,0.0000,4.9999
289,0.0010,4.1058,0.0000,4.1058
290,0.0010,4.0071,0.0000,4.0071
291,0.0010,4.0095,0.0000,4.0095
292,0.0010,6.0210,0.0000,6.0210
293,0.0010,4.9996,0.0000,4.9996
294,0.0010,4.5114,0.0000,4.5114
295,0.0010,3.9978,0.0000,3.9978
296,0.0010,5.0123,0.0000,5.0123
297,1.0002,3.9999,0.0000,5.0001
298,0.0010,5.2679,0.0000,5.2679
299,0.0010,4.5016,0.0000,4.5016
300,0.0010,4.0023,0.0000,4.0023
301,0.0010,5.3339,0.0000,5.3339
302,0.0010,4.0038,0.0000,4.0038
303,0.0010,5.5101,0.0000,5.5101
304,0.0010,4.9987,0.0000,4.9987
305,0.0010,4.9999,0.0000,4.9999
306,0.0010,5.0123,0.0000,5.0123
307,0.0010,3.9992,0.0000,3.9992
308,0.0010,5.0182,0.0000,5.0182
309,0.0010,4.0066,0.0000,4.0066
310,0.0010,4.5116,0.0000,4.5116
311,0.0010,3.9985,0.0000,3.9985
312,0.0010,5.2011,0.0000,5.2011
313,0.0010,5.5068,0.0000,5.5068
314,0.0010,6.0000,0.0000,6.0000
315,0.0010,5.0118,0.0000,5.0118
316,0.0010,4.9999,0.0000,4.9999
317,0.0010,9.0139,0.0000,9.0139
318,0.0010,4.9984,0.0000,4.9984
319,0.0010,4.0252,0.0000,4.0252
320,0.0010,4.9994,0.0000,4.9994
321,0.0010,5.0154,0.0000,5.0154
322,0.0010,4.5021,0.0000,4.5021
323,0.0010,5.5232,0.0000,5.5232
324,1.0009,8.5146,0.0000,9.5155
325,0.0010,5.0313,0.0000,5.0313
326,0.0010,4.9994,0.0000,4.9994
327,0.0010,5.0254,0.0000,5.0254
328,0.0010,4.9994,0.0000,4.9994
329,0.0010,4.0357,0.0000,4.0357
330,0.0010,5.0001,0.0000,5.0001
331,0.0010,4.0076,0.0000,4.0076
332,0.0010,4.0002,0.0000,4.0002
333,0.0010,6.1569,0.0000,6.1569
334,0.0010,6.6361,0.0000,6.6361
335,0.0010,4.9996,0.0000,4.9996
336,0.0010,5.0225,0.0000,5.0225
337,0.0010,9.5177,0.0000,9.5177
338,0.0010,4.5023,0.0000,4.5023
339,0.0010,4.0064,0.0000,4.0064
340,0.0010,4.5023,0.0000,4.5023
341,0.0010,5.0025,0.0000,5.0025
342,0.9999,4.0407,0.0000,5.0406
343,0.0010,5.4002,0.0000,5.4002
344,0.0010,4.5056,0.0000,4.5056
345,0.9770,4.9994,0.0000,5.9764
346,0.0010,5.3666,0.0000,5.3666
347,0.9997,4.5044,0.0000,5.5041
348,0.9999,3.9997,0.0000,4.9996
349,0.0010,14.3297,0.0000,14.3297
350,0.0010,4.9989,0.0000,4.9989
351,1.5025,4.0028,0.0000,5.5053
352,0.0010,4.9996,0.0000,4.9996
353,0.0010,5.0004,0.0000,5.0004
354,0.0010,8.0092,0.0000,8.0092
355,1.0006,3.9988,0.0000,4.9994
356,0.0010,5.0004,0.0000,5.0004
357,0.0010,4.0073,0.0000,4.0073
358,0.0010,4.9999,0.0000,4.9999
359,0.0010,4.5147,0.0000,4.5147
360,0.0010,4.0002,0.0000,4.0002
361,0.0010,5.0230,0.0000,5.0230
362,0.0010,5.0285,0.0000,5.0285
363,0.0010,6.0334,0.0000,6.0334
364,0.0010,5.5087,0.0000,5.5087
365,0.0010,8.0018,0.0000,8.0018
366,0.0010,4.5068,0.0000,4.5068
367,0.0010,4.0333,0.0000,4.0333
368,0.0010,5.0001,0.0000,5.0001
369,0.0010,4.5102,0.0000,4.5102
370,0.0010,4.0011,0.0000,4.0011
371,0.0010,5.0144,0.0000,5.0144
372,0.0010,4.9992,0.0000,4.9992
373,0.0010,5.5113,0.0000,5.5113
374,0.0010,5.5075,0.0000,5.5075
375,0.0010,5.0066,0.0000,5.0066
376,0.0010,4.0102,0.0000,4.0102
377,0.0010,5.0008,0.0000,5.0008
378,0.0010,5.2772,0.0000,5.2772
379,0.0010,5.5008,0.0000,5.5008
380,0.0010,4.0023,0.0000,4.0023
381,0.0010,4.8656,0.0000,4.8656
382,0.0010,4.9996,0.0000,4.9996
383,1.0002,3.5040,0.0000,4.5042
384,0.0010,5.5065,0.0000,5.5065
385,0.0010,5.8351,0.0000,5.8351
386,0.0010,5.0073,0.0000,5.0073
387,0.0010,4.5555,0.0000,4.5555
388,0.0010,5.2156,0.0000,5.2156
389,0.0010,4.5044,0.0000,4.5044
390,1.0006,3.9997,0.0000,5.0004
391,0.0010,9.5115,0.0000,9.5115
392,0.0010,4.5106,0.0000,4.5106
393,1.0009,5.0001,0.0000,6.0010
394,1.0004,3.9999,0.0000,5.0004
395,0.9997,6.5069,0.0000,7.5066
396,0.0010,3.9992,0.0000,3.9992
397,0.0010,7.2749,0.0000,7.2749
398,0.0010,4.0088,0.0000,4.0088
399,0.0010,3.9992,0.0000,3.9992
400,0.0010,4.5109,0.0000,4.5109
401,0.0010,3.9985,0.0000,3.9985
402,0.0010,8.5087,0.0000,8.5087
403,0.0010,6.0339,0.0000,6.0339
404,0.0010,8.5204,0.0000,8.5204
405,0.0010,4.0252,0.0000,4.0252
406,0.0010,4.0090,0.0000,4.0090
407,0.0010,4.5049,0.0000,4.5049
408,0.0010,9.5093,0.0000,9.5093
409,0.0010,9.5177,0.0000,9.5177
410,0.0010,4.9987,0.0000,4.9987
411,0.0010,9.0096,0.0000,9.0096
412,0.0010,5.0130,0.0000,5.0130
413,0.0010,11.0300,0.0000,11.0300
414,0.0010,6.2311,0.0000,6.2311
415,1.0004,4.5018,0.0000,5.5022
416,0.0010,5.0337,0.0000,5.0337
417,0.0010,3.9992,0.0000,3.9992
418,0.0010,5.0685,0.0000,5.0685
419,0.0010,5.0004,0.0000,5.0004
420,0.0010,4.0069,0.0000,4.0069
421,0.0010,5.0223,0.0000,5.0223
422,1.0011,4.0002,0.0000,5.0013
423,0.0010,10.0870,0.0000,10.0870
424,0.0010,5.2519,0.0000,5.2519
425,0.0010,4.9999,0.0000,4.9999
426,0.0010,4.0090,0.0000,4.0090
427,0.0010,4.9996,0.0000,4.9996
428,0.0010,4.0064,0.0000,4.0064
429,0.0010,4.9999,0.0000,4.9999
430,0.0010,4.0505,0.0000,4.0505
431,0.0010,5.0433,0.0000,5.0433
432,0.0010,7.0059,0.0000,7.0059
433,0.0010,5.5091,0.0000,5.5091
434,0.0010,5.5046,0.0000,5.5046
435,0.0010,5.0001,0.0000,5.0001
436,0.0010,5.0297,0.0000,5.0297
437,0.0010,3.9995,0.0000,3.9995
438,0.0010,4.0064,0.0000,4.0064
439,0.0010,4.5083,0.0000,4.5083
440,0.0010,5.0402,0.0000,5.0402
441,0.0010,4.5040,0.0000,4.5040
442,1.0006,3.9988,0.0000,4.9994
443,0.0010,5.4622,0.0000,5.4622
444,0.0010,5.0001,0.0000,5.0001
445,0.0010,5.5146,0.0000,5.5146
446,0.0010,5.0659,0.0000,5.0659
447,0.0010,9.0206,0.0000,9.0206
448,0.0010,9.0203,0.0000,9.0203
449,0.0010,4.0026,0.0000,4.0026
450,0.0010,4.0095,0.0000,4.0095
451,0.0010,5.0077,0.0000,5.0077
452,0.0010,4.0028,0.0000,4.0028
453,0.0010,5.0001,0.0000,5.0001
454,1.0302,5.0006,0.0000,6.0308
455,0.0010,5.5044,0.0000,5.5044
456,0.0010,3.9988,0.0000,3.9988
457,0.0010,5.0392,0.0000,5.0392
458,0.0010,5.0206,0.0000,5.0206
459,0.0010,5.0001,0.0000,5.0001
460,0.0010,4.4494,0.0000,4.4494
461,0.0010,4.2026,0.0000,4.2026
462,0.0010,4.5049,0.0000,4.5049
463,0.0010,5.0073,0.0000,5.0073
464,0.0010,5.0027,0.0000,5.0027
465,0.0010,4.5366,0.0000,4.5366
466,0.0010,4.9980,0.0000,4.9980
467,0.0010,5.1198,0.0000,5.1198
468,0.0010,3.9995,0.0000,3.9995
469,0.0010,4.0653,0.0000,4.0653
470,0.0010,5.0004,0.0000,5.0004
471,0.0010,4.0116,0.0000,4.0116
472,0.0010,4.0069,0.0000,4.0069
473,0.0010,5.5270,0.0000,5.5270
474,0.0010,6.0713,0.0000,6.0713
475,0.0010,4.9996,0.0000,4.9996
476,0.0010,9.5100,0.0000,9.5100
477,0.0010,5.0035,0.0000,5.0035
478,0.0010,4.9994,0.0000,4.9994
479,1.0743,3.9995,0.0000,5.0738
480,0.0010,12.5780,0.0000,12.5780
481,0.0010,5.0061,0.0000,5.0061
482,0.0010,4.5078,0.0000,4.5078
483,0.0010,5.0008,0.0000,5.0008
484,0.0010,5.0468,0.0000,5.0468
485,0.0010,7.0310,0.0000,7.0310
486,0.0010,5.0006,0.0000,5.0006
487,0.0010,5.0104,0.0000,5.0104
488,0.0010,5.5020,0.0000,5.5020
489,1.0009,4.5059,0.0000,5.5068
490,0.0010,4.9994,0.0000,4.9994
491,1.0006,4.0357,0.0000,5.0364
492,0.0010,5.0006,0.0000,5.0006
493,0.0010,4.9982,0.0000,4.9982
494,0.0010,10.5102,0.0000,10.5102
495,1.0002,4.5078,0.0000,5.5079
496,0.0010,4.5013,0.0000,4.5013
497,0.0010,4.5090,0.0000,4.5090
498,0.0010,3.9997,0.0000,3.9997
499,0.0010,4.0088,0.0000,4.0088
500,0.0010,4.5097,0.0000,4.5097
501,0.0010,4.0066,0.0000,4.0066
502,0.0010,4.5023,0.0000,4.5023
503,0.0010,4.9992,0.0000,4.9992
504,0.0010,4.5056,0.0000,4.5056
505,0.0010,5.1713,0.0000,5.1713
506,0.0010,4.5097,0.0000,4.5097
507,0.0010,4.5083,0.0000,4.5083
508,0.0010,3.9992,0.0000,3.9992
509,0.0010,5.0075,0.0000,5.0075
510,0.0010,5.0006,0.0000,5.0006
511,0.0010,4.0739,0.0000,4.0739
512,0.0010,4.0004,0.0000,4.0004
513,0.0010,5.0139,0.0000,5.0139
514,0.0010,11.5473,0.0000,11.5473
515,1.0004,4.5021,0.0000,5.5025
516,0.0010,4.9992,0.0000,4.9992
517,0.0010,4.5137,0.0000,4.5137
518,0.0010,4.9992,0.0000,4.9992
519,0.0010,4.0271,0.0000,4.0271
520,0.0010,4.9999,0.0000,4.9999
521,0.0010,5.0228,0.0000,5.0228
522,0.0010,4.0064,0.0000,4.0064
523,0.0010,5.1231,0.0000,5.1231
524,0.0010,5.0447,0.0000,5.0447
525,0.9997,6.0000,0.0000,6.9997
526,0.0010,5.0120,0.0000,5.0120
527,0.0010,5.0058,0.0000,5.0058
528,0.0010,5.0645,0.0000,5.0645
529,0.0010,4.0069,0.0000,4.0069
530,0.0010,4.0071,0.0000,4.0071
531,0.0010,5.7800,0.0000,5.7800
532,1.0004,4.0410,0.0000,5.0414
533,0.0010,4.0431,0.0000,4.0431
534,0.0010,5.0008,0.0000,5.0008
535,0.9997,4.4014,0.0000,5.4011
536,0.0010,4.5023,0.0000,4.5023
537,0.0010,5.0025,0.0000,5.0025
538,0.0010,4.0543,0.0000,4.0543
539,0.0010,5.0070,0.0000,5.0070
540,0.9992,4.0269,0.0000,5.0261
541,0.0010,4.9984,0.0000,4.9984
542,0.0010,5.1630,0.0000,5.1630
543,0.0010,5.0280,0.0000,5.0280
544,0.0010,4.9996,0.0000,4.9996
545,0.0010,4.5102,0.0000,4.5102
546,0.0010,4.0066,0.0000,4.0066
547,0.0010,5.0225,0.0000,5.0225
548,0.0010,4.0069,0.0000,4.0069
549,0.0010,11.0500,0.0000,11.0500
550,0.0010,4.0064,0.0000,4.0064
551,0.0010,4.0772,0.0000,4.0772
552,1.0006,3.9992,0.0000,4.9999
553,0.0010,5.0285,0.0000,5.0285
554,0.0010,7.5185,0.0000,7.5185
555,0.0010,3.9973,0.0000,3.9973
556,0.0010,5.0025,0.0000,5.0025
557,0.0010,5.0569,0.0000,5.0569
558,1.0004,3.9995,0.0000,4.9999
559,0.0010,5.0364,0.0000,5.0364
560,0.0010,4.9996,0.0000,4.9996
561,1.0023,4.0452,0.0000,5.0476
562,0.0010,6.0005,0.0000,6.0005
563,1.0052,6.5017,0.0000,7.5068
564,0.0010,7.5104,0.0000,7.5104
565,0.0010,11.7440,0.0000,11.7440
566,0.9997,6.5072,0.0000,7.5068
567,0.0010,4.9987,0.0000,4.9987
568,0.0010,4.0066,0.0000,4.0066
569,1.0011,4.5037,0.0000,5.5048
570,0.0010,5.0080,0.0000,5.0080
571,0.0010,4.0088,0.0000,4.0088
572,0.0010,4.9999,0.0000,4.9999
573,0.0010,4.0102,0.0000,4.0102
574,0.0010,4.0071,0.0000,4.0071
575,1.0035,3.9990,0.0000,5.0025
576,0.0010,5.0251,0.0000,5.0251
577,0.0010,4.0076,0.0000,4.0076
578,0.0010,5.5115,0.0000,5.5115
579,0.0010,5.0073,0.0000,5.0073
580,0.0010,3.9995,0.0000,3.9995
581,0.0010,5.0120,0.0000,5.0120
582,0.0010,5.5099,0.0000,5.5099
583,0.0010,3.9990,0.0000,3.9990
584,0.0010,6.0375,0.0000,6.0375
585,0.0010,5.0035,0.0000,5.0035
586,0.0010,5.0128,0.0000,5.0128
587,0.0010,4.0030,0.0000,4.0030
588,0.0010,4.0085,0.0000,4.0085
589,0.0010,4.5056,0.0000,4.5056
590,0.0010,4.0064,0.0000,4.0064
591,0.0010,4.5111,0.0000,4.5111
592,0.0010,5.0070,0.0000,5.0070
593,0.0010,5.0328,0.0000,5.0328
594,0.0010,7.0107,0.0000,7.0107
595,0.0010,4.9994,0.0000,4.9994
596,1.0002,4.0553,0.0000,5.0554
597,0.0010,5.5063,0.0000,5.5063
598,1.5023,4.0026,0.0000,5.5048
599,0.0010,4.5145,0.0000,4.5145
600,1.0028,3.9999,0.0000,5.0027
601,0.0010,5.0259,0.0000,5.0259
602,0.0010,5.0001,0.0000,5.0001
603,0.0010,5.1711,0.0000,5.1711
604,0.0010,4.9992,0.0000,4.9992
605,0.0010,4.2682,0.0000,4.2682
606,0.0010,3.9992,0.0000,3.9992
607,0.0010,5.0023,0.0000,5.0023
608,0.0010,4.0002,0.0000,4.0002
609,0.0010,5.0004,0.0000,5.0004
610,0.0010,5.0273,0.0000,5.0273
611,0.0010,3.9997,0.0000,3.9997
612,0.0010,4.5362,0.0000,4.5362
613,1.0018,6.9985,0.0000,8.0004
614,1.0014,10.0987,0.0000,11.1001
615,0.0010,5.0189,0.0000,5.0189
616,0.0010,5.0123,0.0000,5.0123
617,0.9999,4.0007,0.0000,5.0006
618,0.0010,5.0170,0.0000,5.0170
619,0.0010,3.9985,0.0000,3.9985
620,0.0010,4.0076,0.0000,4.0076
621,0.0010,4.0231,0.0000,4.0231
622,0.0010,4.0064,0.0000,4.0064
623,0.0010,6.0201,0.0000,6.0201
624,0.0010,4.9989,0.0000,4.9989
625,0.0010,5.0223,0.0000,5.0223
626,0.0010,5.5037,0.0000,5.5037
627,1.0002,3.9997,0.0000,4.9999
628,0.0010,4.0410,0.0000,4.0410
629,0.0010,8.5139,0.0000,8.5139
630,0.0010,4.0066,0.0000,4.0066
631,0.0010,4.5061,0.0000,4.5061
632,0.0010,4.9994,0.0000,4.9994
633,0.0010,6.0179,0.0000,6.0179
634,0.0010,5.5068,0.0000,5.5068
635,0.0010,4.0076,0.0000,4.0076
636,0.0010,5.5051,0.0000,5.5051
637,0.0010,9.6354,0.0000,9.6354
638,0.0010,5.0032,0.0000,5.0032
639,0.0010,4.9999,0.0000,4.9999
640,0.0010,5.0197,0.0000,5.0197
641,0.0010,4.0064,0.0000,4.0064
642,0.0010,4.5125,0.0000,4.5125
643,0.0010,5.1160,0.0000,5.1160
644,0.0010,4.9727,0.0000,4.9727
645,0.0010,7.5207,0.0000,8.5201
646,0.0010,3.9985,0.0000,3.9985
647,0.0010,4.9992,0.0000,4.9992
648,0.0010,4.2071,0.0000,4.2071
649,0.0010,4.5080,0.0000,4.5080
650,0.0010,4.9999,0.0000,4.9999
651,0.0010,5.1041,0.0000,5.1041
652,0.0010,4.0069,0.0000,4.0069
653,0.0010,5.0356,0.0000,5.0356
654,1.0004,7.0651,0.0000,8.0655
655,0.0010,3.9992,0.0000,3.9992
656,0.0010,4.5142,0.0000,4.5142
657,0.0010,3.9990,0.0000,3.9990
658,0.0010,5.0070,0.0000,5.0070
659,0.0010,3.5014,0.0000,3.5014
660,0.0010,5.0068,0.0000,5.0068
661,0.0010,4.5066,0.0000,4.5066
662,0.0010,7.9999,0.0000,7.9999
663,0.9944,6.5060,0.0000,7.5004
664,0.0010,5.5122,0.0000,5.5122
665,0.0010,5.0001,0.0000,5.0001
666,0.0010,3.9995,0.0000,3.9995
667,0.0010,5.8472,0.0000,5.8472
668,0.0010,4.0066,0.0000,4.0066
669,0.0010,4.5085,0.0000,4.5085
670,0.0010,9.5088,0.0000,9.5088
671,0.0010,4.0061,0.0000,4.0061
672,0.0010,5.5101,0.0000,5.5101
673,0.0010,5.5072,0.0000,5.5072
674,0.0010,5.7845,0.0000,5.7845
675,0.0010,4.0028,0.0000,4.0028
676,0.0010,5.0001,0.0000,5.0001
677,1.0991,3.9992,0.0000,5.0983
678,0.0010,4.5044,0.0000,4.5044
679,0.0010,9.0623,0.0000,9.0623
680,0.0010,5.0004,0.0000,5.0004
681,0.0010,5.0244,0.0000,5.0244
682,0.0010,4.9989,0.0000,4.9989
683,0.0010,5.0294,0.0000,5.0294
684,0.0010,5.2195,0.0000,5.2195
685,0.0010,3.9999,0.0000,3.9999
686,0.0010,5.0652,0.0000,5.0652
687,0.0010,4.9996,0.0000,4.9996
688,0.0010,4.0386,0.0000,4.0386
689,0.0010,5.0001,0.0000,5.0001
690,0.0010,4.9186,0.0000,4.9186
691,0.0010,4.5021,0.0000,4.5021
692,0.0010,5.0042,0.0000,5.0042
693,1.0018,5.0342,0.0000,6.0360
694,0.0010,4.9992,0.0000,4.9992
695,0.0010,4.8006,0.0000,4.8006
696,0.0010,4.0002,0.0000,4.0002
697,0.0010,9.0134,0.0000,9.0134
698,0.0010,5.2326,0.0000,5.2326
699,0.0010,4.5085,0.0000,4.5085
700,0.0010,3.9988,0.0000,3.9988
701,0.0010,4.5109,0.0000,4.5109
702,0.0010,5.0001,0.0000,5.0001
703,0.0010,4.0267,0.0000,4.0267
704,0.0010,5.0004,0.0000,5.0004
705,0.0010,5.5068,0.0000,5.5068
706,0.0010,4.0078,0.0000,4.0078
707,0.0010,5.0061,0.0000,5.0061
708,0.0010,5.6665,0.0000,5.6665
709,0.0010,5.0011,0.0000,5.0011
710,0.0010,5.5351,0.0000,5.5351
711,1.0021,4.9980,0.0000,6.0000
712,1.0009,4.0317,0.0000,5.0325
713,0.0010,5.0013,0.0000,5.0013
714,0.0010,5.0006,0.0000,5.0006
715,0.0010,4.9996,0.0000,4.9996
716,0.0010,5.0137,0.0000,5.0137
717,0.0010,4.0028,0.0000,4.0028
718,0.0010,4.5061,0.0000,4.5061
719,0.0010,4.9999,0.0000,4.9999
720,0.0010,4.5140,0.0000,4.5140
721,0.0010,3.9997,0.0000,3.9997
722,0.0010,4.0073,0.0000,4.0073
723,0.0010,6.2037,0.0000,6.2037
724,0.0010,4.9999,0.0000,4.9999
725,0.0010,5.5363,0.0000,5.5363
726,0.0010,4.9996,0.0000,4.9996
727,0.0010,5.0795,0.0000,5.0795
728,0.0010,4.0076,0.0000,4.0076
729,0.0010,3.9997,0.0000,3.9997
730,0.0010,4.5042,0.0000,4.5042
731,0.0010,4.6625,0.0000,4.6625
732,0.0010,4.0293,0.0000,4.0293
733,0.0010,3.9997,0.0000,3.9997
734,0.0010,4.5130,0.0000,4.5130
735,0.0010,5.9993,0.0000,5.9993
736,0.0010,3.9990,0.0000,4.9994
737,1.0004,4.0357,0.0000,5.0361
738,0.0010,3.9995,0.0000,3.9995
739,0.0010,4.0159,0.0000,4.0159
740,0.0010,4.0071,0.0000,4.0071
741,0.0010,4.0271,0.0000,4.0271
742,0.0010,5.0075,0.0000,5.0075
743,0.0010,6.5236,0.0000,6.5236
744,0.0010,5.0263,0.0000,5.0263
745,0.9997,3.9990,0.0000,4.9987
746,0.0010,5.0292,0.0000,5.0292
747,0.0010,7.8802,0.0000,7.8802
748,0.0010,8.5731,0.0000,8.5731
749,0.0010,4.9994,0.0000,4.9994
750,0.0010,4.5047,0.0000,4.5047
751,0.0010,3.9988,0.0000,3.9988
752,0.0010,6.0129,0.0000,6.0129
753,0.0010,4.9994,0.0000,4.9994
754,1.2534,6.0027,0.0000,7.2560
755,0.0010,4.0226,0.0000,4.0226
756,0.0010,4.9996,0.0000,4.9996
757,0.0010,4.2100,0.0000,4.2100
758,0.0010,9.0163,0.0000,9.0163
759,0.0010,3.9988,0.0000,3.9988
760,0.0010,4.0064,0.0000,4.0064
761,0.0010,4.5083,0.0000,4.5083
762,1.0028,4.9996,0.0000,6.0024
763,0.0010,5.0292,0.0000,5.0292
764,0.0010,4.9994,0.0000,4.9994
765,0.0010,4.5035,0.0000,4.5035
766,0.0010,3.9995,0.0000,3.9995
767,1.5023,4.1113,0.0000,5.6136
768,0.0010,4.9996,0.0000,4.9996
769,0.0010,3.9990,0.0000,3.9990
770,0.0010,4.0004,0.0000,4.0004
771,0.0010,4.9994,0.0000,4.9994
772,0.0010,4.0319,0.0000,4.0319
773,0.0010,6.0260,0.0000,6.0260
774,0.0010,5.0371,0.0000,5.0371
775,0.9999,5.0769,0.0000,6.0768
776,1.3719,4.0035,0.0000,5.3754
777,0.0010,5.5096,0.0000,5.5096
778,0.0010,5.3008,0.0000,5.3008
779,0.0010,5.5077,0.0000,5.5077
780,1.0002,7.5111,0.0000,8.5113
781,0.0010,4.0064,0.0000,4.0064
782,0.0010,10.0188,0.0000,10.0188
783,0.0010,5.0070,0.0000,5.0070
784,1.0009,4.5035,0.0000,5.5044
785,0.9999,3.9988,0.0000,4.9987
786,0.0010,5.0247,0.0000,5.0247
787,0.0010,5.5070,0.0000,5.5070
788,1.2851,4.1292,0.0000,5.4142
789,0.0010,6.0353,0.0000,6.0353
790,1.2593,4.5087,0.0000,5.7681
791,0.0010,5.0025,0.0000,5.0025
792,0.0010,5.5060,0.0000,5.5060
793,1.0006,4.9994,0.0000,6.0000
794,0.0010,5.5137,0.0000,5.5137
795,0.0010,4.5033,0.0000,4.5033
796,0.0010,4.9999,0.0000,4.9999
797,0.0010,5.0244,0.0000,5.0244
798,0.0010,5.0745,0.0000,5.0745
799,0.0010,5.0130,0.0000,5.0130
800,0.0010,4.9994,0.0000,4.9994
801,0.0010,5.5141,0.0000,5.5141
802,1.0016,4.4997,0.0000,5.5013
803,0.0010,8.9989,0.0000,8.9989
804,0.9995,4.9999,0.0000,5.9993
805,0.0010,4.5118,0.0000,4.5118
806,0.0010,4.0066,0.0000,4.0066
807,0.0010,5.0564,0.0000,5.0564
808,0.0010,3.9997,0.0000,3.9997
809,0.0010,5.2311,0.0000,5.2311
810,0.0010,5.5037,0.0000,5.5037
811,0.0010,4.0064,0.0000,4.0064
812,0.0010,7.5800,0.0000,7.5800
813,1.0009,7.5045,0.0000,8.5053
814,0.0010,10.0112,0.0000,10.0112
815,0.0010,5.5053,0.0000,5.5053
816,0.0010,5.0085,0.0000,5.0085
817,1.0016,4.5066,0.0000,5.5082
818,0.0010,5.0027,0.0000,5.0027
819,0.0010,4.0359,0.0000,4.0359
820,0.0010,5.0030,0.0000,5.0030
821,0.0010,7.0655,0.0000,7.0655
822,0.0010,4.6608,0.0000,4.6608
823,0.0010,5.0001,0.0000,5.0001
824,0.0010,5.3170,0.0000,5.3170
825,0.0010,5.5089,0.0000,5.5089
826,0.0010,5.2304,0.0000,5.2304
827,0.0010,4.5123,0.0000,4.5123
828,0.0010,4.0069,0.0000,4.0069
829,0.0010,5.0535,0.0000,5.0535
830,0.0010,3.9995,0.0000,3.9995
831,0.0010,4.5311,0.0000,4.5311
832,0.0010,6.5084,0.0000,6.5084
833,0.0010,9.5038,0.0000,9.5038
834,0.0010,4.9992,0.0000,4.9992
835,0.0010,5.5132,0.0000,5.5132
836,0.0010,4.8122,0.0000,4.8122
837,0.0010,3.9995,0.0000,3.9995
838,0.0010,5.0249,0.0000,5.0249
839,0.9997,3.9999,0.0000,4.9996
840,0.0010,5.1041,0.0000,5.1041
841,0.0010,4.0061,0.0000,4.0061
842,0.0010,5.0523,0.0000,5.0523
843,0.9990,4.9994,0.0000,5.9984
844,0.0010,6.0070,0.0000,6.0070
845,0.0010,4.0684,0.0000,4.0684
846,0.0010,5.0001,0.0000,5.0001
847,1.0002,9.8314,0.0000,10.8316
848,0.0010,4.0312,0.0000,4.0312
849,0.0010,4.9980,0.0000,4.9980
850,0.0010,5.0066,0.0000,5.0066
851,0.0010,4.5142,0.0000,4.5142
852,0.0010,7.5021,0.0000,7.5021
853,0.0010,4.9992,0.0000,4.9992
854,0.0010,5.0104,0.0000,5.0104
855,0.0010,5.0123,0.0000,5.0123
856,0.0010,5.3575,0.0000,5.3575
857,0.0010,4.0066,0.0000,4.0066
858,0.0010,5.0089,0.0000,5.0089
859,0.0010,4.5218,0.0000,4.5218
860,0.0010,4.9999,0.0000,4.9999
861,1.0006,5.5070,0.0000,6.5076
862,0.0010,3.9995,0.0000,3.9995
863,0.0010,5.0027,0.0000,5.0027
864,0.0010,4.5087,0.0000,4.5087
865,0.0010,5.0042,0.0000,5.0042
866,0.0010,4.5073,0.0000,4.5073
867,0.9992,3.9988,0.0000,4.9980
868,0.0010,4.5056,0.0000,4.5056
869,0.0010,4.9999,0.0000,4.9999
870,0.9997,4.0686,0.0000,5.0683
871,0.0010,8.5351,0.0000,8.5351
872,0.0010,6.1116,0.0000,6.1116
873,0.0010,5.0001,0.0000,5.0001
874,0.0010,5.5149,0.0000,5.5149
875,1.0004,4.5011,0.0000,5.5015
876,0.0010,5.0035,0.0000,5.0035
877,0.0010,4.2353,0.0000,4.2353
878,0.0010,5.0013,0.0000,5.0013
879,0.0010,5.5029,0.0000,5.5029
880,0.0010,9.5503,0.0000,9.5503
881,0.0010,5.0068,0.0000,5.0068
882,0.0010,5.0635,0.0000,5.0635
883,0.9999,3.9997,0.0000,4.9996
884,0.0010,5.0008,0.0000,5.0008
885,0.0010,4.5090,0.0000,4.5090
886,0.0010,4.9999,0.0000,4.9999
887,0.0010,5.0149,0.0000,5.0149
888,0.0010,6.5012,0.0000,6.5012
889,0.0010,5.1055,0.0000,5.1055
890,0.0010,4.5047,0.0000,4.5047
891,0.0010,4.9996,0.0000,4.9996
892,0.0010,5.0619,0.0000,5.0619
893,0.0010,4.0040,0.0000,4.0040
894,0.0010,5.7902,0.0000,5.7902
895,0.9983,5.5146,0.0000,6.5129
896,0.0010,5.8138,0.0000,5.8138
897,1.5094,9.5079,0.0000,11.0173
898,0.0010,5.0061,0.0000,5.0061
899,0.0010,5.0576,0.0000,5.0576
900,0.0010,3.9985,0.0000,3.9985
901,0.0010,5.5041,0.0000,5.5041
902,1.0002,4.5018,0.0000,5.5020
903,0.0010,4.5063,0.0000,4.5063
904,1.0045,4.4982,0.0000,5.5027
905,0.0010,5.0018,0.0000,5.0018
906,0.0010,4.5145,0.0000,4.5145
907,0.0010,4.9999,0.0000,4.9999
908,1.0018,4.5121,0.0000,5.5139
909,1.0004,3.9983,0.0000,4.9987
910,0.0010,4.5049,0.0000,4.5049
911,0.0010,4.9999,0.0000,4.9999
912,0.0010,4.5047,0.0000,4.5047
913,0.0010,4.5035,0.0000,4.5035
914,0.9992,4.5047,0.0000,5.5039
915,0.0010,5.0001,0.0000,5.0001
916,0.0010,5.5051,0.0000,5.5051
917,0.0010,5.0001,0.0000,5.0001
918,1.0555,4.0028,0.0000,5.0583
919,0.0010,5.0342,0.0000,5.0342
920,1.0002,9.4087,0.0000,10.4089
921,0.0010,10.5014,0.0000,10.5014
922,0.0010,5.4979,0.0000,5.4979
923,1.0002,7.5021,0.0000,8.5022
924,0.0010,5.9996,0.0000,5.9996
925,0.0010,4.5097,0.0000,4.5097
926,0.0010,8.5092,0.0000,8.5092
927,0.0010,4.5052,0.0000,4.5052
928,0.0010,5.0030,0.0000,5.0030
929,0.0010,5.3127,0.0000,5.3127
930,0.0010,5.9958,0.0000,5.9958
931,0.0010,4.9992,0.0000,4.9992
932,0.0010,4.0095,0.0000,4.0095
933,0.0010,4.9999,0.0000,4.9999
934,0.0010,10.5062,0.0000,10.5062
935,0.0010,4.5097,0.0000,4.5097
936,0.0010,4.5104,0.0000,4.5104
937,0.0010,3.9997,0.0000,3.9997
938,0.0010,5.1525,0.0000,5.1525
939,0.0010,3.9999,0.0000,3.9999
940,0.0010,4.5042,0.0000,4.5042
941,0.0010,5.0001,0.0000,5.0001
942,0.0010,4.0505,0.0000,4.0505
943,0.0010,10.5259,0.0000,10.5259
944,0.0010,4.5106,0.0000,4.5106
945,0.0010,4.9996,0.0000,4.9996
946,0.0010,5.5051,0.0000,5.5051
947,0.0010,3.9999,0.0000,3.9999
948,0.0010,4.5066,0.0000,4.5066
949,0.0010,3.9999,0.0000,3.9999
950,1.5020,4.0023,0.0000,5.5044
951,0.0010,4.0071,0.0000,4.0071
952,0.0010,5.2752,0.0000,5.2752
953,0.0010,4.0064,0.0000,4.0064
954,0.0010,5.0552,0.0000,5.0552
955,0.0010,5.4908,0.0000,5.4908
956,0.0010,5.0001,0.0000,5.0001
957,1.0991,9.5062,0.0000,10.6053
958,0.0010,5.0001,0.0000,5.0001
959,1.0002,6.8929,0.0000,7.8931
960,1.0002,4.5021,0.0000,5.5022
961,0.0010,3.9997,0.0000,3.9997
962,0.0010,5.0719,0.0000,5.0719
963,0.0010,5.0063,0.0000,5.0063
964,0.0010,5.3725,0.0000,5.3725
965,0.0010,6.0062,0.0000,6.0062
966,1.0023,4.9999,0.0000,6.0022
967,1.0002,4.5033,0.0000,5.5034
968,0.0010,6.0067,0.0000,6.0067
969,0.0010,8.0061,0.0000,8.0061
970,0.0010,5.4791,0.0000,5.4791
971,0.0010,5.4708,0.0000,5.4708
972,0.0010,3.9995,0.0000,3.9995
973,0.0010,6.4018,0.0000,6.4018
974,0.0010,4.9982,0.0000,4.9982
975,0.0010,10.0343,0.0000,10.0343
976,0.0010,3.9995,0.0000,3.9995
977,0.0010,5.5041,0.0000,5.5041
978,0.0010,5.0001,0.0000,5.0001
979,0.0010,4.5195,0.0000,4.5195
980,0.0010,4.9999,0.0000,4.9999
981,0.0010,4.5092,0.0000,4.5092
982,0.0010,5.0001,0.0000,5.0001
983,0.0010,5.2111,0.0000,5.2111
984,0.0010,4.5025,0.0000,4.5025
985,0.0010,5.0066,0.0000,5.0066
986,0.0010,4.5044,0.0000,4.5044
987,0.0010,3.9997,0.0000,3.9997
988,0.0010,7.5049,0.0000,7.5049
989,0.0010,4.5049,0.0000,4.5049
990,0.0010,5.0774,0.0000,5.0774
991,0.0010,4.0698,0.0000,4.0698
992,0.0010,4.5013,0.0000,4.5013
993,0.0010,6.5072,0.0000,6.5072
994,0.0010,6.0756,0.0000,6.0756
995,0.9995,3.9985,0.0000,4.9980
996,0.0010,5.5206,0.0000,5.5206
997,0.0010,7.5090,0.0000,7.5090
998,0.0010,4.0081,0.0000,4.0081
999,0.0010,4.5099,0.0000,4.5099
